{"count":1,"self":107.1739648,"total":905.51488109999991,"children":{"AgentSendState":{"count":166401,"self":6.1182284,"total":43.2505927,"children":{"CollectObservations":{"count":1164807,"self":1.5693304,"total":1.5693304,"children":null},"CollectDiscreteActionMasks":{"count":1164807,"self":0.62709549999999992,"total":0.62709549999999992,"children":null},"AgentInfo.ToProto":{"count":1164807,"self":2.4424794,"total":34.9359383,"children":{"GenerateSensorData":{"count":1164807,"self":8.5924576,"total":32.4934589,"children":{"RayPerceptionSensor.Perceive":{"count":2329614,"self":23.901001599999997,"total":23.901001299999997,"children":null}}}}}}},"DecideAction":{"count":166401,"self":752.58967039999993,"total":752.5896791,"children":null},"AgentAct":{"count":166401,"self":2.3736235999999997,"total":2.3736235999999997,"children":null},"AgentInfo.ToProto":{"count":2891,"self":0.0180034,"total":0.1260232,"children":{"GenerateSensorData":{"count":2891,"self":0.0370106,"total":0.1080198,"children":{"RayPerceptionSensor.Perceive":{"count":5782,"self":0.0710092,"total":0.0710092,"children":null}}}}}},"gauges":{"Racing.CumulativeReward":{"count":2891,"max":7.83651638,"min":-1.98261642,"runningAverage":-0.409346372,"value":-0.5253028,"weightedAverage":0.2541819}},"metadata":{"timer_format_version":"0.1.0","start_time_seconds":"1617967017","unity_version":"2020.3.0f1","command_line_arguments":"C:\\Program Files\\Unity\\Hub\\Editor\\2020.3.0f1\\Editor\\Unity.exe -projectpath C:\/Unity\/RacingProto -useHub -hubIPC -cloudEnvironment production -hubSessionId cccb5790-9886-11eb-819b-65475449392a -accessToken pJ3v3ybYUl22svg03Pgw3Mb6tE87cWwRvxMpTTiBf-A012f","communication_protocol_version":"1.0.0","com.unity.ml-agents_version":"1.0.7","scene_name":"SampleScene","end_time_seconds":"1617967922"}}