{"count":1,"self":179.6493696,"total":1637.0780191,"children":{"AgentSendState":{"count":322517,"self":12.561046399999999,"total":92.9983541,"children":{"CollectObservations":{"count":2257619,"self":3.1876086,"total":3.1876086,"children":null},"CollectDiscreteActionMasks":{"count":2257619,"self":1.2683037,"total":1.2683037,"children":null},"AgentInfo.ToProto":{"count":2257619,"self":4.732866,"total":75.981394999999992,"children":{"GenerateSensorData":{"count":2257619,"self":17.010054399999998,"total":71.248528999999991,"children":{"RayPerceptionSensor.Perceive":{"count":4515238,"self":54.2384768,"total":54.2384741,"children":null}}}}}}},"DecideAction":{"count":322517,"self":1359.3221119999998,"total":1359.3221333,"children":null},"AgentAct":{"count":322517,"self":4.9031308,"total":4.9031307,"children":null},"AgentInfo.ToProto":{"count":3912,"self":0.017003499999999998,"total":0.20403359999999998,"children":{"GenerateSensorData":{"count":3912,"self":0.0450075,"total":0.1870301,"children":{"RayPerceptionSensor.Perceive":{"count":7824,"self":0.1420226,"total":0.1420226,"children":null}}}}}},"gauges":{"Racing.CumulativeReward":{"count":3912,"max":6.60523,"min":-1.99873972,"runningAverage":2.55267525,"value":6.59900427,"weightedAverage":6.5729084}},"metadata":{"timer_format_version":"0.1.0","start_time_seconds":"1618478152","unity_version":"2020.3.0f1","command_line_arguments":"C:\\Program Files\\Unity\\Hub\\Editor\\2020.3.0f1\\Editor\\Unity.exe -projectpath C:\/Unity\/RacingProto -useHub -hubIPC -cloudEnvironment production -hubSessionId 06207d10-9dc6-11eb-b0e5-c7de2dd9d807 -accessToken WL9o2H1oEwdi5mNOrFdB_D0IuOzMELMXP_mKWCeNsmg012f","communication_protocol_version":"1.0.0","com.unity.ml-agents_version":"1.0.7","scene_name":"SampleScene","end_time_seconds":"1618479788"}}