{"count":1,"self":376.4920064,"total":3328.1208536999998,"children":{"AgentSendState":{"count":625034,"self":26.1579712,"total":227.17324399999998,"children":{"CollectObservations":{"count":5000272,"self":6.3163599999999995,"total":6.3163599,"children":null},"CollectDiscreteActionMasks":{"count":5000272,"self":2.6394188,"total":2.6394189,"children":null},"AgentInfo.ToProto":{"count":5000272,"self":10.6305712,"total":192.05949389999998,"children":{"GenerateSensorData":{"count":5000272,"self":41.453488,"total":181.42892279999998,"children":{"RayPerceptionSensor.Perceive":{"count":10000544,"self":139.97543679999998,"total":139.9754341,"children":null}}}}}}},"DecideAction":{"count":625034,"self":2715.2144384,"total":2715.2143868,"children":null},"AgentAct":{"count":625034,"self":8.648136,"total":8.6481362999999991,"children":null},"AgentInfo.ToProto":{"count":9198,"self":0.065009799999999993,"total":0.5920713,"children":{"GenerateSensorData":{"count":9198,"self":0.1200194,"total":0.5270615,"children":{"RayPerceptionSensor.Perceive":{"count":18396,"self":0.40704209999999996,"total":0.40704209999999996,"children":null}}}}}},"gauges":{"Racing.CumulativeReward":{"count":9198,"max":229.803131,"min":0.380975962,"runningAverage":52.6528435,"value":165.655823,"weightedAverage":90.05171}},"metadata":{"timer_format_version":"0.1.0","start_time_seconds":"1619711620","unity_version":"2020.3.5f1","command_line_arguments":"C:\\Program Files\\Unity\\Hub\\Editor\\2020.3.5f1\\Editor\\Unity.exe -projectpath C:\/Unity\/RacingProto -useHub -hubIPC -cloudEnvironment production -hubSessionId 1ce75c70-a8df-11eb-8da5-e1432cc9b4c8 -accessToken AMclfQXaCVj9o553n8RHrvrPXush4bCAgYc3oJ-Xf3c012f","communication_protocol_version":"1.0.0","com.unity.ml-agents_version":"1.0.7","scene_name":"TrainingEnv - Sparse","end_time_seconds":"1619714948"}}