{"count":1,"self":168.78841599999998,"total":1237.5333785,"children":{"AgentSendState":{"count":243851,"self":9.578078399999999,"total":60.3349195,"children":{"CollectObservations":{"count":1950808,"self":2.50648,"total":2.5064799,"children":null},"CollectDiscreteActionMasks":{"count":1950808,"self":1.0241115,"total":1.0241115,"children":null},"AgentInfo.ToProto":{"count":1950808,"self":3.945608,"total":47.2262497,"children":{"GenerateSensorData":{"count":1950808,"self":10.6700696,"total":43.2806417,"children":{"RayPerceptionSensor.Perceive":{"count":1950808,"self":32.6105728,"total":32.610572,"children":null}}}}}}},"DecideAction":{"count":243851,"self":1004.6350335999999,"total":1004.6349891,"children":null},"AgentAct":{"count":243851,"self":3.6260407999999997,"total":3.6260407999999997,"children":null},"AgentInfo.ToProto":{"count":3509,"self":0.018002499999999998,"total":0.1480128,"children":{"GenerateSensorData":{"count":3509,"self":0.028000499999999998,"total":0.1300103,"children":{"RayPerceptionSensor.Perceive":{"count":3509,"self":0.1020098,"total":0.1020098,"children":null}}}}}},"gauges":{"Racing.CumulativeReward":{"count":3509,"max":3.63439631,"min":-1.99620879,"runningAverage":0.043049667,"value":3.62915945,"weightedAverage":3.36825538}},"metadata":{"timer_format_version":"0.1.0","start_time_seconds":"1620301180","unity_version":"2020.3.5f1","command_line_arguments":"C:\\Program Files\\Unity\\Hub\\Editor\\2020.3.5f1\\Editor\\Unity.exe -projectpath C:\/Unity\/RacingProto -useHub -hubIPC -cloudEnvironment production -hubSessionId f0386420-adb7-11eb-9052-b3e3f77f462b -accessToken I9beBUwCzjW0sC3lGA16J1BY3eSaKA1KhylKDARqh1g012f","communication_protocol_version":"1.0.0","com.unity.ml-agents_version":"1.0.7","scene_name":"TrainingEnv","end_time_seconds":"1620302417"}}