{"count":1,"self":346.1668608,"total":3415.5582827,"children":{"AgentSendState":{"count":625034,"self":26.5714704,"total":228.9013956,"children":{"CollectObservations":{"count":5000272,"self":7.0008032,"total":7.0008034,"children":null},"CollectDiscreteActionMasks":{"count":5000272,"self":2.583688,"total":2.5836881,"children":null},"AgentInfo.ToProto":{"count":5000272,"self":10.909652,"total":192.74543309999999,"children":{"GenerateSensorData":{"count":5000272,"self":39.9496064,"total":181.835781,"children":{"RayPerceptionSensor.Perceive":{"count":10000544,"self":141.8861696,"total":141.88617399999998,"children":null}}}}}}},"DecideAction":{"count":625034,"self":2827.1773696,"total":2827.1774434999998,"children":null},"AgentAct":{"count":625034,"self":12.857455199999999,"total":12.857455199999999,"children":null},"AgentInfo.ToProto":{"count":7794,"self":0.0240043,"total":0.45412769999999997,"children":{"GenerateSensorData":{"count":7794,"self":0.0910257,"total":0.4301234,"children":{"RayPerceptionSensor.Perceive":{"count":15588,"self":0.3390977,"total":0.3390977,"children":null}}}}}},"gauges":{"Racing.CumulativeReward":{"count":7794,"max":11.1493425,"min":-1.99803185,"runningAverage":2.64201331,"value":0.5269563,"weightedAverage":7.52952766}},"metadata":{"timer_format_version":"0.1.0","start_time_seconds":"1619702580","unity_version":"2020.3.5f1","command_line_arguments":"C:\\Program Files\\Unity\\Hub\\Editor\\2020.3.5f1\\Editor\\Unity.exe -projectpath C:\/Unity\/RacingProto -useHub -hubIPC -cloudEnvironment production -hubSessionId 1ce75c70-a8df-11eb-8da5-e1432cc9b4c8 -accessToken AMclfQXaCVj9o553n8RHrvrPXush4bCAgYc3oJ-Xf3c012f","communication_protocol_version":"1.0.0","com.unity.ml-agents_version":"1.0.7","scene_name":"TrainingEnv","end_time_seconds":"1619705995"}}